Date,Advertising_Spend,Customers,Sales
2020-01-01,10,45,202
2020-01-02,25,198,450
2020-01-03,70,192,374
2020-01-04,73,63,212
2020-01-05,72,152,179
2020-01-06,78,89,298
2020-01-07,31,173,132
2020-01-08,76,137,216
2020-01-09,85,87,237
2020-01-10,35,38,332
2020-01-11,25,39,450
2020-01-12,60,132,209
2020-01-13,95,159,496
2020-01-14,66,66,225
2020-01-15,38,20,487
2020-01-16,87,109,281
2020-01-17,78,161,262
2020-01-18,56,83,283
2020-01-19,71,57,444
2020-01-20,78,56,395
2020-01-21,85,145,483
2020-01-22,25,158,435
2020-01-23,99,119,529
2020-01-24,99,96,337
2020-01-25,57,22,424
2020-01-26,94,180,310
2020-01-27,48,153,465
2020-01-28,42,197,175
2020-01-29,32,29,408
2020-01-30,19,24,393
2020-01-31,78,170,504
2020-02-01,43,157,210
2020-02-02,61,191,222
2020-02-03,19,149,335
2020-02-04,28,32,355
2020-02-05,67,187,440
2020-02-06,10,149,361
2020-02-07,78,103,348
2020-02-08,13,84,226
2020-02-09,25,82,541
2020-02-10,33,120,234
2020-02-11,89,92,425
2020-02-12,11,36,503
2020-02-13,41,28,316
2020-02-14,93,162,494
2020-02-15,33,171,324
2020-02-16,21,57,212
2020-02-17,59,182,522
2020-02-18,44,113,362
2020-02-19,42,114,471
2020-02-20,42,68,587
2020-02-21,70,88,290
2020-02-22,60,81,519
2020-02-23,52,197,219
2020-02-24,21,97,449
2020-02-25,76,136,474
2020-02-26,74,139,557
2020-02-27,42,156,266
2020-02-28,49,181,601
2020-02-29,83,95,557
2020-03-01,52,54,311
2020-03-02,53,20,588
2020-03-03,38,59,487
2020-03-04,22,83,260
2020-03-05,21,169,433
2020-03-06,55,79,310
2020-03-07,11,83,281
2020-03-08,44,112,593
2020-03-09,96,91,623
2020-03-10,90,30,239
2020-03-11,99,124,629
2020-03-12,17,33,295
2020-03-13,35,79,349
2020-03-14,83,49,505
2020-03-15,99,54,557
2020-03-16,43,184,440
2020-03-17,16,24,469
2020-03-18,77,102,297
2020-03-19,67,142,417
2020-03-20,84,97,459
2020-03-21,38,173,529
2020-03-22,45,81,612
2020-03-23,98,151,567
2020-03-24,30,108,536
2020-03-25,45,61,482
2020-03-26,19,108,521
2020-03-27,82,165,461
2020-03-28,33,59,569
2020-03-29,73,91,488
2020-03-30,58,58,485
2020-03-31,45,123,516
2020-04-01,91,33,619
2020-04-02,33,51,650
2020-04-03,32,198,338
2020-04-04,71,144,567
2020-04-05,46,185,506
2020-04-06,21,116,543
2020-04-07,64,42,481
2020-04-08,22,82,675
2020-04-09,32,162,338
2020-04-10,98,172,456
2020-04-11,39,164,316
2020-04-12,26,72,604
2020-04-13,71,123,370
2020-04-14,93,123,652
2020-04-15,98,198,636
2020-04-16,95,58,320
2020-04-17,22,198,657
2020-04-18,68,153,444
2020-04-19,28,86,453
2020-04-20,58,154,382
2020-04-21,21,198,460
2020-04-22,70,61,404
2020-04-23,28,34,717
2020-04-24,85,130,490
2020-04-25,18,176,618
2020-04-26,80,52,710
2020-04-27,37,174,594
2020-04-28,87,183,566
2020-04-29,61,176,378
2020-04-30,92,57,367
2020-05-01,25,116,476
2020-05-02,78,174,544
2020-05-03,21,52,673
2020-05-04,34,105,615
2020-05-05,61,85,382
2020-05-06,94,29,399
2020-05-07,62,24,415
2020-05-08,32,142,571
2020-05-09,25,93,650
2020-05-10,66,116,458
2020-05-11,48,137,533
2020-05-12,62,57,723
2020-05-13,51,160,579
2020-05-14,67,178,402
2020-05-15,48,66,596
2020-05-16,23,128,472
2020-05-17,14,199,504
2020-05-18,44,34,632
2020-05-19,96,176,382
2020-05-20,84,155,597
2020-05-21,27,24,636
2020-05-22,85,176,781
2020-05-23,18,66,744
2020-05-24,83,87,670
2020-05-25,67,95,782
2020-05-26,26,192,598
2020-05-27,16,149,408
2020-05-28,55,174,741
2020-05-29,22,114,439
2020-05-30,49,134,779
2020-05-31,51,183,580
2020-06-01,18,55,466
2020-06-02,59,45,757
2020-06-03,36,62,638
2020-06-04,75,46,650
2020-06-05,14,88,463
2020-06-06,38,167,509
2020-06-07,46,30,803
2020-06-08,47,93,639
2020-06-09,92,123,650
2020-06-10,17,57,658
2020-06-11,74,153,566
2020-06-12,95,42,596
2020-06-13,26,66,456
2020-06-14,80,109,465
2020-06-15,98,65,444
2020-06-16,54,126,593
2020-06-17,13,159,762
2020-06-18,45,160,624
2020-06-19,79,123,682
2020-06-20,40,130,527
2020-06-21,28,123,727
2020-06-22,70,79,511
2020-06-23,63,190,617
2020-06-24,48,119,494
2020-06-25,83,87,513
2020-06-26,99,152,587
2020-06-27,28,139,739
2020-06-28,48,56,485
2020-06-29,76,91,567
2020-06-30,54,146,505
2020-07-01,22,125,803
2020-07-02,67,111,751
2020-07-03,29,50,798
2020-07-04,81,141,597
2020-07-05,70,156,819
2020-07-06,48,70,704
2020-07-07,10,48,665
2020-07-08,12,59,702
2020-07-09,86,60,864
2020-07-10,71,30,858
2020-07-11,72,170,766
2020-07-12,34,20,606
2020-07-13,65,65,603
2020-07-14,42,120,722
2020-07-15,47,168,750
2020-07-16,15,109,852
2020-07-17,67,129,693
2020-07-18,53,183,634
2020-07-19,54,76,817
2020-07-20,41,20,666
2020-07-21,54,82,728
2020-07-22,70,74,812
2020-07-23,56,134,741
2020-07-24,30,187,681
2020-07-25,89,162,663
2020-07-26,94,168,828
2020-07-27,84,194,889
2020-07-28,45,72,677
2020-07-29,28,156,615
2020-07-30,29,199,754
2020-07-31,66,76,703
2020-08-01,27,136,638
2020-08-02,56,173,845
2020-08-03,58,188,581
2020-08-04,23,54,799
2020-08-05,24,82,828
2020-08-06,40,44,921
2020-08-07,10,109,924
2020-08-08,63,94,652
2020-08-09,12,57,642
2020-08-10,25,149,656
2020-08-11,96,154,626
2020-08-12,66,181,734
2020-08-13,84,110,662
2020-08-14,21,36,553
2020-08-15,83,147,683
2020-08-16,25,190,775
2020-08-17,81,127,611
2020-08-18,85,198,902
2020-08-19,33,171,785
2020-08-20,37,44,788
2020-08-21,17,199,950
2020-08-22,45,107,693
2020-08-23,99,180,699
2020-08-24,17,196,624
2020-08-25,67,48,745
2020-08-26,69,82,793
2020-08-27,59,169,737
2020-08-28,37,173,777
2020-08-29,50,175,828
2020-08-30,73,133,907
2020-08-31,36,68,788
2020-09-01,72,100,771
2020-09-02,26,103,712
2020-09-03,82,124,846
2020-09-04,42,196,887
2020-09-05,93,167,875
2020-09-06,86,137,922
2020-09-07,38,105,971
2020-09-08,22,82,699
2020-09-09,55,123,801
2020-09-10,44,68,1000
2020-09-11,15,90,847
2020-09-12,91,20,753
2020-09-13,78,160,708
2020-09-14,56,198,814
2020-09-15,34,142,739
2020-09-16,75,81,804
2020-09-17,19,51,945
2020-09-18,65,177,970
2020-09-19,39,48,882
2020-09-20,14,68,773
2020-09-21,42,192,879
2020-09-22,74,49,975
2020-09-23,27,163,778
2020-09-24,58,187,781
2020-09-25,20,38,987
2020-09-26,94,37,836
2020-09-27,35,20,947
2020-09-28,72,97,769
2020-09-29,98,134,682
2020-09-30,95,194,983
2020-10-01,68,132,1007
2020-10-02,36,133,778
2020-10-03,58,185,918
2020-10-04,86,198,804
2020-10-05,42,82,953
2020-10-06,10,151,756
2020-10-07,30,148,922
2020-10-08,64,27,913
2020-10-09,15,176,807
2020-10-10,90,74,1011
2020-10-11,78,122,779
2020-10-12,14,150,729
2020-10-13,12,51,1040
2020-10-14,62,29,675
2020-10-15,32,129,1060
2020-10-16,62,181,981
2020-10-17,46,143,933
2020-10-18,83,106,821
2020-10-19,83,74,720
2020-10-20,92,51,845
2020-10-21,26,197,696
2020-10-22,94,154,922
2020-10-23,87,112,790
2020-10-24,82,27,840
2020-10-25,10,84,999
2020-10-26,60,76,905
2020-10-27,54,86,830
2020-10-28,86,91,853
2020-10-29,13,73,757
2020-10-30,71,86,825
2020-10-31,74,70,868
2020-11-01,41,116,825
2020-11-02,43,111,786
2020-11-03,81,27,826
2020-11-04,48,181,819
2020-11-05,35,54,1057
2020-11-06,43,115,973
2020-11-07,63,107,948
2020-11-08,12,97,835
2020-11-09,59,51,824
2020-11-10,21,139,880
2020-11-11,74,65,1078
2020-11-12,63,163,1115
2020-11-13,14,184,1099
2020-11-14,66,161,1073
2020-11-15,26,74,931
2020-11-16,56,195,1049
2020-11-17,32,26,904
2020-11-18,88,93,951
2020-11-19,94,26,914
2020-11-20,23,180,908
2020-11-21,75,170,817
2020-11-22,84,104,1040
2020-11-23,60,166,1151
2020-11-24,47,131,1032
2020-11-25,73,144,1061
2020-11-26,47,166,1143
2020-11-27,59,55,1153
2020-11-28,91,48,898
2020-11-29,39,101,960
2020-11-30,88,21,895
2020-12-01,60,148,802
2020-12-02,72,66,947
2020-12-03,61,167,1144
2020-12-04,47,30,1150
2020-12-05,97,149,799
2020-12-06,88,138,1017
2020-12-07,39,159,939
2020-12-08,60,39,821
2020-12-09,90,24,1015
2020-12-10,14,56,1152
2020-12-11,38,185,840
2020-12-12,13,156,1055
2020-12-13,19,72,1076
2020-12-14,65,191,822
2020-12-15,26,118,1023
2020-12-16,83,105,1076
2020-12-17,26,127,1087
2020-12-18,93,43,900
2020-12-19,97,100,1089
2020-12-20,78,177,1174
2020-12-21,43,139,1126
2020-12-22,15,78,1115
2020-12-23,62,147,960
2020-12-24,75,133,819
2020-12-25,86,134,852
2020-12-26,52,33,1011
2020-12-27,84,28,870
2020-12-28,32,59,840
2020-12-29,64,44,997
2020-12-30,89,122,1047
2020-12-31,84,41,987
2021-01-01,25,23,877
2021-01-02,17,173,1206
2021-01-03,13,48,841
2021-01-04,13,128,936
2021-01-05,65,117,1219
2021-01-06,34,56,1074
2021-01-07,76,94,880
2021-01-08,76,89,1125
2021-01-09,36,165,1196
2021-01-10,41,147,1151
2021-01-11,59,104,1032
2021-01-12,70,61,948
2021-01-13,60,119,954
2021-01-14,28,60,1045
2021-01-15,30,185,975
2021-01-16,14,53,1052
2021-01-17,91,36,1116
2021-01-18,51,184,1026
2021-01-19,70,172,1123
2021-01-20,31,141,1192
2021-01-21,30,95,999
2021-01-22,79,106,891
2021-01-23,10,136,1156
2021-01-24,14,125,1100
2021-01-25,21,105,933
2021-01-26,99,46,939
2021-01-27,55,76,1206
2021-01-28,43,50,1245
2021-01-29,58,153,1061
2021-01-30,87,187,1169
2021-01-31,99,117,1005
2021-02-01,54,31,1181
2021-02-02,36,72,1237
2021-02-03,82,157,1048
2021-02-04,35,192,1026
2021-02-05,56,164,1056
2021-02-06,95,173,1289
2021-02-07,65,141,1178
2021-02-08,72,65,1011
2021-02-09,57,83,1302
2021-02-10,70,149,1210
2021-02-11,90,73,1159
2021-02-12,35,126,1091
2021-02-13,45,70,956
2021-02-14,10,55,1089
2021-02-15,17,134,1168
2021-02-16,61,45,949
2021-02-17,88,48,1280
2021-02-18,56,168,1233
2021-02-19,65,30,942
2021-02-20,95,59,1247
2021-02-21,23,30,1324
2021-02-22,99,183,1248
2021-02-23,37,132,973
2021-02-24,96,58,1112
2021-02-25,87,73,961
2021-02-26,97,117,1264
2021-02-27,11,74,1209
2021-02-28,35,130,1347
2021-03-01,23,171,1091
2021-03-02,68,169,1322
2021-03-03,65,88,1096
2021-03-04,16,75,1047
2021-03-05,12,52,1311
2021-03-06,32,55,1281
2021-03-07,27,167,1249
2021-03-08,47,100,1178
2021-03-09,24,128,1307
2021-03-10,73,173,1018
2021-03-11,98,92,1122
2021-03-12,37,59,1157
2021-03-13,83,36,1036
2021-03-14,48,148,1165
2021-03-15,66,80,1102
2021-03-16,26,190,1129
2021-03-17,95,123,1295
2021-03-18,99,61,1041
2021-03-19,53,44,1327
2021-03-20,34,58,1292
2021-03-21,26,54,1169
2021-03-22,22,150,1161
2021-03-23,93,127,1319
2021-03-24,34,191,1266
2021-03-25,77,198,1051
2021-03-26,19,121,1100
2021-03-27,76,117,1265
2021-03-28,27,31,1056
2021-03-29,95,38,1065
2021-03-30,43,120,1115
2021-03-31,17,63,1014
2021-04-01,49,68,1114
2021-04-02,92,36,1209
2021-04-03,51,93,1277
2021-04-04,50,76,1382
2021-04-05,15,74,1391
2021-04-06,61,66,1371
2021-04-07,35,31,1070
2021-04-08,73,81,1380
2021-04-09,68,99,1338
2021-04-10,65,102,1337
2021-04-11,68,27,1175
2021-04-12,79,168,1302
2021-04-13,42,100,1405
2021-04-14,62,137,1161
2021-04-15,31,44,1145
2021-04-16,30,108,1199
2021-04-17,79,31,1190
2021-04-18,79,162,1190
2021-04-19,13,78,1167
2021-04-20,84,173,1368
2021-04-21,71,128,1326
2021-04-22,71,45,1145
2021-04-23,33,66,1113
2021-04-24,64,51,1403
2021-04-25,18,29,1288
2021-04-26,12,35,1178
2021-04-27,40,164,1381
2021-04-28,49,170,1344
2021-04-29,45,45,1194
2021-04-30,33,105,1462
2021-05-01,15,154,1467
2021-05-02,75,33,1202
2021-05-03,93,98,1133
2021-05-04,84,136,1199
2021-05-05,13,26,1080
2021-05-06,88,156,1320
2021-05-07,15,134,1373
2021-05-08,60,195,1181
2021-05-09,71,91,1213
2021-05-10,66,78,1207
2021-05-11,75,101,1139
2021-05-12,88,135,1182
2021-05-13,84,186,1332
2021-05-14,17,165,1470
